key,value
ISO3,SWE
HDR Country Name,Sweden
Human Development Groups,Very High
UNDP Developeing Regions,
HDI Rank (2021),7
Human Development Index (value) (1990),.8100000000000001
Human Development Index (value) (1991),.8129999999999999
Human Development Index (value) (1992),.82
Human Development Index (value) (1993),.84
Human Development Index (value) (1994),.851
Human Development Index (value) (1995),.86
Human Development Index (value) (1996),.868
Human Development Index (value) (1997),.879
Human Development Index (value) (1998),.894
Human Development Index (value) (1999),.899
Human Development Index (value) (2000),.904
Human Development Index (value) (2001),.907
Human Development Index (value) (2002),.91
Human Development Index (value) (2003),.915
Human Development Index (value) (2004),.9
Human Development Index (value) (2005),.902
Human Development Index (value) (2006),.906
Human Development Index (value) (2007),.908
Human Development Index (value) (2008),.905
Human Development Index (value) (2009),.904
Human Development Index (value) (2010),.91
Human Development Index (value) (2011),.911
Human Development Index (value) (2012),.911
Human Development Index (value) (2013),.9320000000000001
Human Development Index (value) (2014),.9350000000000001
Human Development Index (value) (2015),.9370000000000001
Human Development Index (value) (2016),.9389999999999999
Human Development Index (value) (2017),.9409999999999999
Human Development Index (value) (2018),.9419999999999999
Human Development Index (value) (2019),.947
Human Development Index (value) (2020),.9419999999999999
Human Development Index (value) (2021),.947
Life Expectancy at Birth (years) (1990),77.5883
Life Expectancy at Birth (years) (1991),77.7281
Life Expectancy at Birth (years) (1992),78.07089999999999
Life Expectancy at Birth (years) (1993),78.1352
Life Expectancy at Birth (years) (1994),78.7465
Life Expectancy at Birth (years) (1995),78.8214
Life Expectancy at Birth (years) (1996),79.04349999999999
Life Expectancy at Birth (years) (1997),79.2711
Life Expectancy at Birth (years) (1998),79.41549999999999
Life Expectancy at Birth (years) (1999),79.50790000000001
Life Expectancy at Birth (years) (2000),79.73820000000001
Life Expectancy at Birth (years) (2001),79.8359
Life Expectancy at Birth (years) (2002),79.93470000000001
Life Expectancy at Birth (years) (2003),80.19499999999999
Life Expectancy at Birth (years) (2004),80.5462
Life Expectancy at Birth (years) (2005),80.621
Life Expectancy at Birth (years) (2006),80.8317
Life Expectancy at Birth (years) (2007),80.9697
Life Expectancy at Birth (years) (2008),81.1371
Life Expectancy at Birth (years) (2009),81.3631
Life Expectancy at Birth (years) (2010),81.5187
Life Expectancy at Birth (years) (2011),81.7581
Life Expectancy at Birth (years) (2012),81.7296
Life Expectancy at Birth (years) (2013),81.9348
Life Expectancy at Birth (years) (2014),82.22329999999999
Life Expectancy at Birth (years) (2015),82.18340000000001
Life Expectancy at Birth (years) (2016),82.3391
Life Expectancy at Birth (years) (2017),82.43819999999999
Life Expectancy at Birth (years) (2018),82.5326
Life Expectancy at Birth (years) (2019),83.05240000000001
Life Expectancy at Birth (years) (2020),82.42740000000001
Life Expectancy at Birth (years) (2021),82.9833
Expected Years of Schooling (years) (1990),12.89834976
Expected Years of Schooling (years) (1991),13.00177956
Expected Years of Schooling (years) (1992),13.24635029
Expected Years of Schooling (years) (1993),15.10190964
Expected Years of Schooling (years) (1994),15.53335953
Expected Years of Schooling (years) (1995),15.88644028
Expected Years of Schooling (years) (1996),16.31859016
Expected Years of Schooling (years) (1997),17.03985977
Expected Years of Schooling (years) (1998),18.55097961
Expected Years of Schooling (years) (1999),18.76285934
Expected Years of Schooling (years) (2000),18.78499985
Expected Years of Schooling (years) (2001),18.84446907
Expected Years of Schooling (years) (2002),18.60659027
Expected Years of Schooling (years) (2003),18.5394001
Expected Years of Schooling (years) (2004),15.95156002
Expected Years of Schooling (years) (2005),15.89435959
Expected Years of Schooling (years) (2006),15.83596992
Expected Years of Schooling (years) (2007),15.72296047
Expected Years of Schooling (years) (2008),15.7457304
Expected Years of Schooling (years) (2009),15.73752022
Expected Years of Schooling (years) (2010),15.92706966
Expected Years of Schooling (years) (2011),15.7834301
Expected Years of Schooling (years) (2012),15.79234982
Expected Years of Schooling (years) (2013),18.07908058
Expected Years of Schooling (years) (2014),18.19613075
Expected Years of Schooling (years) (2015),18.5685997
Expected Years of Schooling (years) (2016),18.83242989
Expected Years of Schooling (years) (2017),19.48233986
Expected Years of Schooling (years) (2018),19.69101906
Expected Years of Schooling (years) (2019),19.41852951
Expected Years of Schooling (years) (2020),19.41852951
Expected Years of Schooling (years) (2021),19.41852951
Mean Years of Schooling (years) (1990),9.553979873999999
Mean Years of Schooling (years) (1991),9.707380295
Mean Years of Schooling (years) (1992),10.01762962
Mean Years of Schooling (years) (1993),10.20709038
Mean Years of Schooling (years) (1994),10.35719967
Mean Years of Schooling (years) (1995),10.52972031
Mean Years of Schooling (years) (1996),10.71294912
Mean Years of Schooling (years) (1997),10.89617793
Mean Years of Schooling (years) (1998),11.07940674
Mean Years of Schooling (years) (1999),11.26263555
Mean Years of Schooling (years) (2000),11.44586436
Mean Years of Schooling (years) (2001),11.62909317
Mean Years of Schooling (years) (2002),11.81232198
Mean Years of Schooling (years) (2003),11.99555079
Mean Years of Schooling (years) (2004),12.1787796
Mean Years of Schooling (years) (2005),12.25926018
Mean Years of Schooling (years) (2006),12.33154011
Mean Years of Schooling (years) (2007),12.40091991
Mean Years of Schooling (years) (2008),12.07044983
Mean Years of Schooling (years) (2009),12.13978958
Mean Years of Schooling (years) (2010),12.20699024
Mean Years of Schooling (years) (2011),12.27527046
Mean Years of Schooling (years) (2012),12.34175968
Mean Years of Schooling (years) (2013),12.23344994
Mean Years of Schooling (years) (2014),12.29454041
Mean Years of Schooling (years) (2015),12.35441017
Mean Years of Schooling (years) (2016),12.41359997
Mean Years of Schooling (years) (2017),12.48604965
Mean Years of Schooling (years) (2018),12.54788494
Mean Years of Schooling (years) (2019),12.60972023
Mean Years of Schooling (years) (2020),12.60972023
Mean Years of Schooling (years) (2021),12.60972023
Gross National Income Per Capita (2017 PPP$) (1990),35365.03368
Gross National Income Per Capita (2017 PPP$) (1991),34566.50857
Gross National Income Per Capita (2017 PPP$) (1992),33487.79389
Gross National Income Per Capita (2017 PPP$) (1993),31997.51128
Gross National Income Per Capita (2017 PPP$) (1994),33639.80999
Gross National Income Per Capita (2017 PPP$) (1995),35285.56352
Gross National Income Per Capita (2017 PPP$) (1996),35613.37029
Gross National Income Per Capita (2017 PPP$) (1997),36577.97102
Gross National Income Per Capita (2017 PPP$) (1998),38238.58961
Gross National Income Per Capita (2017 PPP$) (1999),40152.31944
Gross National Income Per Capita (2017 PPP$) (2000),41831.0426
Gross National Income Per Capita (2017 PPP$) (2001),42103.19707
Gross National Income Per Capita (2017 PPP$) (2002),42543.37441
Gross National Income Per Capita (2017 PPP$) (2003),43792.03551
Gross National Income Per Capita (2017 PPP$) (2004),44791.05157
Gross National Income Per Capita (2017 PPP$) (2005),45959.84488
Gross National Income Per Capita (2017 PPP$) (2006),48497.11531
Gross National Income Per Capita (2017 PPP$) (2007),50283.061
Gross National Income Per Capita (2017 PPP$) (2008),49840.872
Gross National Income Per Capita (2017 PPP$) (2009),46941.0893
Gross National Income Per Capita (2017 PPP$) (2010),49372.47949
Gross National Income Per Capita (2017 PPP$) (2011),50027.63039
Gross National Income Per Capita (2017 PPP$) (2012),49432.59605
Gross National Income Per Capita (2017 PPP$) (2013),49541.43776
Gross National Income Per Capita (2017 PPP$) (2014),50311.7708
Gross National Income Per Capita (2017 PPP$) (2015),51490.20301
Gross National Income Per Capita (2017 PPP$) (2016),51813.28127
Gross National Income Per Capita (2017 PPP$) (2017),52849.39299
Gross National Income Per Capita (2017 PPP$) (2018),53050.91638
Gross National Income Per Capita (2017 PPP$) (2019),54222.71686
Gross National Income Per Capita (2017 PPP$) (2020),52359.21296
Gross National Income Per Capita (2017 PPP$) (2021),54489.37401
GDI Group (2021),1
Gender Development Index (value) (1990),.986
Gender Development Index (value) (1991),.987
Gender Development Index (value) (1992),.988
Gender Development Index (value) (1993),1.003
Gender Development Index (value) (1994),.995
Gender Development Index (value) (1995),.998
Gender Development Index (value) (1996),.999
Gender Development Index (value) (1997),1.002
Gender Development Index (value) (1998),.989
Gender Development Index (value) (1999),.988
Gender Development Index (value) (2000),.988
Gender Development Index (value) (2001),.987
Gender Development Index (value) (2002),.988
Gender Development Index (value) (2003),.989
Gender Development Index (value) (2004),.998
Gender Development Index (value) (2005),.995
Gender Development Index (value) (2006),.995
Gender Development Index (value) (2007),.997
Gender Development Index (value) (2008),.994
Gender Development Index (value) (2009),.992
Gender Development Index (value) (2010),.995
Gender Development Index (value) (2011),.995
Gender Development Index (value) (2012),.995
Gender Development Index (value) (2013),.99
Gender Development Index (value) (2014),.993
Gender Development Index (value) (2015),.991
Gender Development Index (value) (2016),.986
Gender Development Index (value) (2017),.984
Gender Development Index (value) (2018),.985
Gender Development Index (value) (2019),.986
Gender Development Index (value) (2020),.986
Gender Development Index (value) (2021),.988
HDI female (1990),.8035763981635948
HDI female (1991),.8065590809900189
HDI female (1992),.8135553821722189
HDI female (1993),.8405716486350906
HDI female (1994),.8480818455008946
HDI female (1995),.8574417326858247
HDI female (1996),.8658731451808732
HDI female (1997),.8782982823137744
HDI female (1998),.883085441605477
HDI female (1999),.8881760825622179
HDI female (2000),.8931951937710242
HDI female (2001),.895801667219251
HDI female (2002),.898846690741401
HDI female (2003),.9042628293391938
HDI female (2004),.8977801348927783
HDI female (2005),.8987967522960613
HDI female (2006),.9025666312876303
HDI female (2007),.9057357225004899
HDI female (2008),.9009648219890217
HDI female (2009),.8990448804560707
HDI female (2010),.9065121946841929
HDI female (2011),.9078092862990058
HDI female (2012),.9079917115323777
HDI female (2013),.9208039306065159
HDI female (2014),.9260200947031458
HDI female (2015),.9289890307994866
HDI female (2016),.9305760754922339
HDI female (2017),.9330017747065903
HDI female (2018),.9350443101586691
HDI female (2019),.9396394571863692
HDI female (2020),.935269106019355
HDI female (2021),.9409694631170069
"Life Expectancy at Birth, female (years) (1990)",80.38979999999999
"Life Expectancy at Birth, female (years) (1991)",80.53579999999999
"Life Expectancy at Birth, female (years) (1992)",80.77930000000001
"Life Expectancy at Birth, female (years) (1993)",80.77290000000001
"Life Expectancy at Birth, female (years) (1994)",81.3817
"Life Expectancy at Birth, female (years) (1995)",81.44119999999999
"Life Expectancy at Birth, female (years) (1996)",81.5194
"Life Expectancy at Birth, female (years) (1997)",81.7962
"Life Expectancy at Birth, female (years) (1998)",81.9122
"Life Expectancy at Birth, female (years) (1999)",81.8883
"Life Expectancy at Birth, female (years) (2000)",82.0157
"Life Expectancy at Birth, female (years) (2001)",82.05240000000001
"Life Expectancy at Birth, female (years) (2002)",82.081
"Life Expectancy at Birth, female (years) (2003)",82.4169
"Life Expectancy at Birth, female (years) (2004)",82.6585
"Life Expectancy at Birth, female (years) (2005)",82.7452
"Life Expectancy at Birth, female (years) (2006)",82.8969
"Life Expectancy at Birth, female (years) (2007)",82.9431
"Life Expectancy at Birth, female (years) (2008)",83.1173
"Life Expectancy at Birth, female (years) (2009)",83.32080000000001
"Life Expectancy at Birth, female (years) (2010)",83.4644
"Life Expectancy at Birth, female (years) (2011)",83.6671
"Life Expectancy at Birth, female (years) (2012)",83.53100000000001
"Life Expectancy at Birth, female (years) (2013)",83.7178
"Life Expectancy at Birth, female (years) (2014)",84.0474
"Life Expectancy at Birth, female (years) (2015)",84.0155
"Life Expectancy at Birth, female (years) (2016)",84.0801
"Life Expectancy at Birth, female (years) (2017)",84.1138
"Life Expectancy at Birth, female (years) (2018)",84.2567
"Life Expectancy at Birth, female (years) (2019)",84.7307
"Life Expectancy at Birth, female (years) (2020)",84.28489999999999
"Life Expectancy at Birth, female (years) (2021)",84.9097
"Expected Years of Schooling, female (years) (1990)",13.15040016
"Expected Years of Schooling, female (years) (1991)",13.28765965
"Expected Years of Schooling, female (years) (1992)",13.54874992
"Expected Years of Schooling, female (years) (1993)",15.7579298
"Expected Years of Schooling, female (years) (1994)",16.20438004
"Expected Years of Schooling, female (years) (1995)",16.67476082
"Expected Years of Schooling, female (years) (1996)",17.19570923
"Expected Years of Schooling, female (years) (1997)",18.16823006
"Expected Years of Schooling, female (years) (1998)",20.13063049
"Expected Years of Schooling, female (years) (1999)",20.35160065
"Expected Years of Schooling, female (years) (2000)",20.46147919
"Expected Years of Schooling, female (years) (2001)",20.5783596
"Expected Years of Schooling, female (years) (2002)",20.18292046
"Expected Years of Schooling, female (years) (2003)",20.07696915
"Expected Years of Schooling, female (years) (2004)",16.83556938
"Expected Years of Schooling, female (years) (2005)",16.66049004
"Expected Years of Schooling, female (years) (2006)",16.59392929
"Expected Years of Schooling, female (years) (2007)",16.48677063
"Expected Years of Schooling, female (years) (2008)",16.5130806
"Expected Years of Schooling, female (years) (2009)",16.53113937
"Expected Years of Schooling, female (years) (2010)",16.70428085
"Expected Years of Schooling, female (years) (2011)",16.54550934
"Expected Years of Schooling, female (years) (2012)",16.58432961
"Expected Years of Schooling, female (years) (2013)",19.4733696
"Expected Years of Schooling, female (years) (2014)",19.53510094
"Expected Years of Schooling, female (years) (2015)",19.84700012
"Expected Years of Schooling, female (years) (2016)",19.96968079
"Expected Years of Schooling, female (years) (2017)",20.41198921
"Expected Years of Schooling, female (years) (2018)",20.70562935
"Expected Years of Schooling, female (years) (2019)",20.53377914
"Expected Years of Schooling, female (years) (2020)",20.53377914
"Expected Years of Schooling, female (years) (2021)",20.53377914
"Mean Years of Schooling, female (years) (1990)",9.526109695000001
"Mean Years of Schooling, female (years) (1991)",9.682729720999999
"Mean Years of Schooling, female (years) (1992)",10.03715038
"Mean Years of Schooling, female (years) (1993)",10.25751019
"Mean Years of Schooling, female (years) (1994)",10.41948986
"Mean Years of Schooling, female (years) (1995)",10.59358025
"Mean Years of Schooling, female (years) (1996)",10.78900358
"Mean Years of Schooling, female (years) (1997)",10.98442692
"Mean Years of Schooling, female (years) (1998)",11.17985026
"Mean Years of Schooling, female (years) (1999)",11.3752736
"Mean Years of Schooling, female (years) (2000)",11.57069694
"Mean Years of Schooling, female (years) (2001)",11.76612027
"Mean Years of Schooling, female (years) (2002)",11.96154361
"Mean Years of Schooling, female (years) (2003)",12.15696695
"Mean Years of Schooling, female (years) (2004)",12.35239029
"Mean Years of Schooling, female (years) (2005)",12.44297981
"Mean Years of Schooling, female (years) (2006)",12.52620029
"Mean Years of Schooling, female (years) (2007)",12.60389042
"Mean Years of Schooling, female (years) (2008)",12.1476202
"Mean Years of Schooling, female (years) (2009)",12.22684956
"Mean Years of Schooling, female (years) (2010)",12.30389023
"Mean Years of Schooling, female (years) (2011)",12.38123989
"Mean Years of Schooling, female (years) (2012)",12.4588604
"Mean Years of Schooling, female (years) (2013)",12.30624962
"Mean Years of Schooling, female (years) (2014)",12.38226032
"Mean Years of Schooling, female (years) (2015)",12.45785046
"Mean Years of Schooling, female (years) (2016)",12.53316021
"Mean Years of Schooling, female (years) (2017)",12.61744022
"Mean Years of Schooling, female (years) (2018)",12.69282532
"Mean Years of Schooling, female (years) (2019)",12.76821041
"Mean Years of Schooling, female (years) (2020)",12.76821041
"Mean Years of Schooling, female (years) (2021)",12.76821041
"Gross National Income Per Capita, female (2017 PPP$) (1990)",28391.15363316784
"Gross National Income Per Capita, female (2017 PPP$) (1991)",27672.85174969004
"Gross National Income Per Capita, female (2017 PPP$) (1992)",26838.12391510731
"Gross National Income Per Capita, female (2017 PPP$) (1993)",27733.91147708241
"Gross National Income Per Capita, female (2017 PPP$) (1994)",26773.69123502996
"Gross National Income Per Capita, female (2017 PPP$) (1995)",28087.24938385949
"Gross National Income Per Capita, female (2017 PPP$) (1996)",28510.19035420585
"Gross National Income Per Capita, female (2017 PPP$) (1997)",29193.67965590959
"Gross National Income Per Capita, female (2017 PPP$) (1998)",30357.01182963642
"Gross National Income Per Capita, female (2017 PPP$) (1999)",32190.79469708646
"Gross National Income Per Capita, female (2017 PPP$) (2000)",33597.6063068579
"Gross National Income Per Capita, female (2017 PPP$) (2001)",33753.85476979436
"Gross National Income Per Capita, female (2017 PPP$) (2002)",34234.46328418679
"Gross National Income Per Capita, female (2017 PPP$) (2003)",35287.66730528132
"Gross National Income Per Capita, female (2017 PPP$) (2004)",35987.42015602541
"Gross National Income Per Capita, female (2017 PPP$) (2005)",36858.16269003336
"Gross National Income Per Capita, female (2017 PPP$) (2006)",38878.21811950386
"Gross National Income Per Capita, female (2017 PPP$) (2007)",41326.93548796382
"Gross National Income Per Capita, female (2017 PPP$) (2008)",40808.85078713563
"Gross National Income Per Capita, female (2017 PPP$) (2009)",37674.36494653524
"Gross National Income Per Capita, female (2017 PPP$) (2010)",40955.66146320241
"Gross National Income Per Capita, female (2017 PPP$) (2011)",41719.69474894488
"Gross National Income Per Capita, female (2017 PPP$) (2012)",41378.19836458557
"Gross National Income Per Capita, female (2017 PPP$) (2013)",41537.93157915723
"Gross National Income Per Capita, female (2017 PPP$) (2014)",43810.78711439421
"Gross National Income Per Capita, female (2017 PPP$) (2015)",45825.50448609571
"Gross National Income Per Capita, female (2017 PPP$) (2016)",46201.33594984014
"Gross National Income Per Capita, female (2017 PPP$) (2017)",47411.8186165591
"Gross National Income Per Capita, female (2017 PPP$) (2018)",47857.66997890027
"Gross National Income Per Capita, female (2017 PPP$) (2019)",49160.3068640321
"Gross National Income Per Capita, female (2017 PPP$) (2020)",47139.32587062606
"Gross National Income Per Capita, female (2017 PPP$) (2021)",49580.1098288725
HDI male (1990),.8147948215169483
HDI male (1991),.8172911907631901
HDI male (1992),.82384595656238
HDI male (1993),.8380125354079959
HDI male (1994),.8522358334467692
HDI male (1995),.8595766024863587
HDI male (1996),.8671516521779625
HDI male (1997),.8765009746039866
HDI male (1998),.8924941460185108
HDI male (1999),.8994157397988224
HDI male (2000),.9043171482896651
HDI male (2001),.9075330076846851
HDI male (2002),.9099219101028861
HDI male (2003),.9139642857628684
HDI male (2004),.8999526130617383
HDI male (2005),.9029956267762504
HDI male (2006),.9071235397264489
HDI male (2007),.908691827725376
HDI male (2008),.9068389633086842
HDI male (2009),.9062082363671916
HDI male (2010),.9111994816543476
HDI male (2011),.9123957090810512
HDI male (2012),.9125284656543109
HDI male (2013),.9301258162690077
HDI male (2014),.9329985633948952
HDI male (2015),.9378372273929146
HDI male (2016),.9436542818497354
HDI male (2017),.9483873091277238
HDI male (2018),.9492086779644237
HDI male (2019),.9534194155274265
HDI male (2020),.9482090733710515
HDI male (2021),.9521567560956422
"Life Expectancy at Birth, male (years) (1990)",74.81270000000001
"Life Expectancy at Birth, male (years) (1991)",74.9449
"Life Expectancy at Birth, male (years) (1992)",75.3616
"Life Expectancy at Birth, male (years) (1993)",75.4914
"Life Expectancy at Birth, male (years) (1994)",76.0813
"Life Expectancy at Birth, male (years) (1995)",76.1758
"Life Expectancy at Birth, male (years) (1996)",76.5179
"Life Expectancy at Birth, male (years) (1997)",76.70269999999999
"Life Expectancy at Birth, male (years) (1998)",76.86750000000001
"Life Expectancy at Birth, male (years) (1999)",77.06699999999999
"Life Expectancy at Birth, male (years) (2000)",77.3797
"Life Expectancy at Birth, male (years) (2001)",77.5428
"Life Expectancy at Birth, male (years) (2002)",77.71469999999999
"Life Expectancy at Birth, male (years) (2003)",77.9075
"Life Expectancy at Birth, male (years) (2004)",78.35250000000001
"Life Expectancy at Birth, male (years) (2005)",78.42319999999999
"Life Expectancy at Birth, male (years) (2006)",78.6934
"Life Expectancy at Birth, male (years) (2007)",78.9238
"Life Expectancy at Birth, male (years) (2008)",79.0929
"Life Expectancy at Birth, male (years) (2009)",79.33580000000001
"Life Expectancy at Birth, male (years) (2010)",79.517
"Life Expectancy at Birth, male (years) (2011)",79.7954
"Life Expectancy at Birth, male (years) (2012)",79.873
"Life Expectancy at Birth, male (years) (2013)",80.0973
"Life Expectancy at Birth, male (years) (2014)",80.3566
"Life Expectancy at Birth, male (years) (2015)",80.3202
"Life Expectancy at Birth, male (years) (2016)",80.56829999999999
"Life Expectancy at Birth, male (years) (2017)",80.7285
"Life Expectancy at Birth, male (years) (2018)",80.7903
"Life Expectancy at Birth, male (years) (2019)",81.34739999999999
"Life Expectancy at Birth, male (years) (2020)",80.5972
"Life Expectancy at Birth, male (years) (2021)",81.0775
"Expected Years of Schooling, male (years) (1990)",12.65876961
"Expected Years of Schooling, male (years) (1991)",12.72976017
"Expected Years of Schooling, male (years) (1992)",12.95800972
"Expected Years of Schooling, male (years) (1993)",14.47568989
"Expected Years of Schooling, male (years) (1994)",14.8910799
"Expected Years of Schooling, male (years) (1995)",15.13105965
"Expected Years of Schooling, male (years) (1996)",15.47387028
"Expected Years of Schooling, male (years) (1997)",15.96294022
"Expected Years of Schooling, male (years) (1998)",17.04718018
"Expected Years of Schooling, male (years) (1999)",17.23629951
"Expected Years of Schooling, male (years) (2000)",17.17416954
"Expected Years of Schooling, male (years) (2001)",17.17551994
"Expected Years of Schooling, male (years) (2002)",17.08764076
"Expected Years of Schooling, male (years) (2003)",17.05810928
"Expected Years of Schooling, male (years) (2004)",15.10340977
"Expected Years of Schooling, male (years) (2005)",15.1583004
"Expected Years of Schooling, male (years) (2006)",15.10778046
"Expected Years of Schooling, male (years) (2007)",14.98972988
"Expected Years of Schooling, male (years) (2008)",15.00965023
"Expected Years of Schooling, male (years) (2009)",14.97679996
"Expected Years of Schooling, male (years) (2010)",15.18214989
"Expected Years of Schooling, male (years) (2011)",15.05290031
"Expected Years of Schooling, male (years) (2012)",15.03285027
"Expected Years of Schooling, male (years) (2013)",16.74325943
"Expected Years of Schooling, male (years) (2014)",16.91394997
"Expected Years of Schooling, male (years) (2015)",17.34411049
"Expected Years of Schooling, male (years) (2016)",17.74091911
"Expected Years of Schooling, male (years) (2017)",18.58575058
"Expected Years of Schooling, male (years) (2018)",18.71478081
"Expected Years of Schooling, male (years) (2019)",18.3472805
"Expected Years of Schooling, male (years) (2020)",18.3472805
"Expected Years of Schooling, male (years) (2021)",18.3472805
"Mean Years of Schooling, male (years) (1990)",9.582289696
"Mean Years of Schooling, male (years) (1991)",9.732390404
"Mean Years of Schooling, male (years) (1992)",9.997380257
"Mean Years of Schooling, male (years) (1993)",10.15552998
"Mean Years of Schooling, male (years) (1994)",10.29368973
"Mean Years of Schooling, male (years) (1995)",10.46479988
"Mean Years of Schooling, male (years) (1996)",10.6362932
"Mean Years of Schooling, male (years) (1997)",10.80778652
"Mean Years of Schooling, male (years) (1998)",10.97927984
"Mean Years of Schooling, male (years) (1999)",11.15077315
"Mean Years of Schooling, male (years) (2000)",11.32226647
"Mean Years of Schooling, male (years) (2001)",11.49375979
"Mean Years of Schooling, male (years) (2002)",11.66525311
"Mean Years of Schooling, male (years) (2003)",11.83674643
"Mean Years of Schooling, male (years) (2004)",12.00823975
"Mean Years of Schooling, male (years) (2005)",12.07861996
"Mean Years of Schooling, male (years) (2006)",12.1399498
"Mean Years of Schooling, male (years) (2007)",12.20116043
"Mean Years of Schooling, male (years) (2008)",11.99120045
"Mean Years of Schooling, male (years) (2009)",12.05023956
"Mean Years of Schooling, male (years) (2010)",12.10717964
"Mean Years of Schooling, male (years) (2011)",12.16608047
"Mean Years of Schooling, male (years) (2012)",12.22095013
"Mean Years of Schooling, male (years) (2013)",12.15837955
"Mean Years of Schooling, male (years) (2014)",12.20429993
"Mean Years of Schooling, male (years) (2015)",12.24822044
"Mean Years of Schooling, male (years) (2016)",12.29127979
"Mean Years of Schooling, male (years) (2017)",12.35186005
"Mean Years of Schooling, male (years) (2018)",12.40007496
"Mean Years of Schooling, male (years) (2019)",12.44828987
"Mean Years of Schooling, male (years) (2020)",12.44828987
"Mean Years of Schooling, male (years) (2021)",12.44828987
"Gross National Income Per Capita, male (2017 PPP$) (1990)",42508.85233557368
"Gross National Income Per Capita, male (2017 PPP$) (1991)",41627.49684107946
"Gross National Income Per Capita, male (2017 PPP$) (1992)",40298.18659758138
"Gross National Income Per Capita, male (2017 PPP$) (1993)",36363.50006389012
"Gross National Income Per Capita, male (2017 PPP$) (1994)",40670.33232101379
"Gross National Income Per Capita, male (2017 PPP$) (1995)",42656.47023938688
"Gross National Income Per Capita, male (2017 PPP$) (1996)",42886.82730196725
"Gross National Income Per Capita, male (2017 PPP$) (1997)",44138.63344749591
"Gross National Income Per Capita, male (2017 PPP$) (1998)",46307.00450804827
"Gross National Income Per Capita, male (2017 PPP$) (1999)",48299.22203080084
"Gross National Income Per Capita, male (2017 PPP$) (2000)",50250.21245239643
"Gross National Income Per Capita, male (2017 PPP$) (2001)",50632.54812534899
"Gross National Income Per Capita, male (2017 PPP$) (2002)",51021.24579800236
"Gross National Income Per Capita, male (2017 PPP$) (2003)",52459.00291416878
"Gross National Income Per Capita, male (2017 PPP$) (2004)",53752.2385583912
"Gross National Income Per Capita, male (2017 PPP$) (2005)",55212.8133507332
"Gross National Income Per Capita, male (2017 PPP$) (2006)",58262.64568203461
"Gross National Income Per Capita, male (2017 PPP$) (2007)",59360.72501118359
"Gross National Income Per Capita, male (2017 PPP$) (2008)",58978.84961013918
"Gross National Income Per Capita, male (2017 PPP$) (2009)",56299.32641491596
"Gross National Income Per Capita, male (2017 PPP$) (2010)",57856.25783765704
"Gross National Income Per Capita, male (2017 PPP$) (2011)",58385.28350125755
"Gross National Income Per Capita, male (2017 PPP$) (2012)",57518.27150505671
"Gross National Income Per Capita, male (2017 PPP$) (2013)",57558.33615703056
"Gross National Income Per Capita, male (2017 PPP$) (2014)",56809.44931441636
"Gross National Income Per Capita, male (2017 PPP$) (2015)",57139.51633176071
"Gross National Income Per Capita, male (2017 PPP$) (2016)",57397.44586875137
"Gross National Income Per Capita, male (2017 PPP$) (2017)",58247.9137713571
"Gross National Income Per Capita, male (2017 PPP$) (2018)",58195.62404112919
"Gross National Income Per Capita, male (2017 PPP$) (2019)",59227.46624018589
"Gross National Income Per Capita, male (2017 PPP$) (2020)",57509.96442267629
"Gross National Income Per Capita, male (2017 PPP$) (2021)",59326.07624688241
Inequality-adjusted Human Development Index (value) (2010),.854
Inequality-adjusted Human Development Index (value) (2011),.853
Inequality-adjusted Human Development Index (value) (2012),.851
Inequality-adjusted Human Development Index (value) (2013),.872
Inequality-adjusted Human Development Index (value) (2014),.871
Inequality-adjusted Human Development Index (value) (2015),.873
Inequality-adjusted Human Development Index (value) (2016),.874
Inequality-adjusted Human Development Index (value) (2017),.878
Inequality-adjusted Human Development Index (value) (2018),.882
Inequality-adjusted Human Development Index (value) (2019),.886
Inequality-adjusted Human Development Index (value) (2020),.88
Inequality-adjusted Human Development Index (value) (2021),.885
Coefficient of human inequality (2010),6.025496833333333
Coefficient of human inequality (2011),6.258870485333333
Coefficient of human inequality (2012),6.514069410333334
Coefficient of human inequality (2013),6.393545813333333
Coefficient of human inequality (2014),6.710011737333332
Coefficient of human inequality (2015),6.750567009333333
Coefficient of human inequality (2016),6.739576795000001
Coefficient of human inequality (2017),6.553768343999999
Coefficient of human inequality (2018),6.332109729333333
Coefficient of human inequality (2019),6.312915046666667
Coefficient of human inequality (2020),6.478373383
Coefficient of human inequality (2021),6.416554862666668
Overall loss (%) (2010),6.153846153846154
Overall loss (%) (2011),6.366630076838642
Overall loss (%) (2012),6.586169045005496
Overall loss (%) (2013),6.437768240343356
Overall loss (%) (2014),6.844919786096259
Overall loss (%) (2015),6.830309498399156
Overall loss (%) (2016),6.922257720979763
Overall loss (%) (2017),6.695005313496272
Overall loss (%) (2018),6.369426751592355
Overall loss (%) (2019),6.441393875395985
Overall loss (%) (2020),6.581740976645434
Overall loss (%) (2021),6.546990496304117
Inequality in life expectancy (2010),3.0477705
Inequality in life expectancy (2011),2.792681456
Inequality in life expectancy (2012),3.018358231
Inequality in life expectancy (2013),3.05604744
Inequality in life expectancy (2014),2.812305212
Inequality in life expectancy (2015),2.954761028
Inequality in life expectancy (2016),2.938310385
Inequality in life expectancy (2017),2.858345032
Inequality in life expectancy (2018),2.728509188
Inequality in life expectancy (2019),2.67092514
Inequality in life expectancy (2020),2.795580149
Inequality in life expectancy (2021),2.610124588
Inequality in eduation (2010),3.79512
Inequality in eduation (2011),3.59443
Inequality in eduation (2012),3.46342
Inequality in eduation (2013),3.40366
Inequality in eduation (2014),3.53646
Inequality in eduation (2015),3.51567
Inequality in eduation (2016),3.74238
Inequality in eduation (2017),3.79204
Inequality in eduation (2018),3.68669
Inequality in eduation (2019),3.68669
Inequality in eduation (2020),3.8679
Inequality in eduation (2021),3.8679
Inequality in income (2010),11.2336
Inequality in income (2011),12.3895
Inequality in income (2012),13.06043
Inequality in income (2013),12.72093
Inequality in income (2014),13.78127
Inequality in income (2015),13.78127
Inequality in income (2016),13.53804
Inequality in income (2017),13.01092
Inequality in income (2018),12.58113
Inequality in income (2019),12.58113
Inequality in income (2020),12.77164
Inequality in income (2021),12.77164
GII Rank (2021),4
Gender Inequality Index (value) (1990),.101
Gender Inequality Index (value) (1991),.1
Gender Inequality Index (value) (1992),.094
Gender Inequality Index (value) (1993),.09
Gender Inequality Index (value) (1994),.083
Gender Inequality Index (value) (1995),.075
Gender Inequality Index (value) (1996),.067
Gender Inequality Index (value) (1997),.063
Gender Inequality Index (value) (1998),.06
Gender Inequality Index (value) (1999),.059
Gender Inequality Index (value) (2000),.06
Gender Inequality Index (value) (2001),.056
Gender Inequality Index (value) (2002),.054
Gender Inequality Index (value) (2003),.049
Gender Inequality Index (value) (2004),.048
Gender Inequality Index (value) (2005),.047
Gender Inequality Index (value) (2006),.047
Gender Inequality Index (value) (2007),.047
Gender Inequality Index (value) (2008),.048
Gender Inequality Index (value) (2009),.049
Gender Inequality Index (value) (2010),.052
Gender Inequality Index (value) (2011),.052
Gender Inequality Index (value) (2012),.049
Gender Inequality Index (value) (2013),.048
Gender Inequality Index (value) (2014),.044
Gender Inequality Index (value) (2015),.039
Gender Inequality Index (value) (2016),.038
Gender Inequality Index (value) (2017),.035
Gender Inequality Index (value) (2018),.031
Gender Inequality Index (value) (2019),.024
Gender Inequality Index (value) (2020),.024
Gender Inequality Index (value) (2021),.023
"Maternal Mortality Ratio (deaths per 100,000 live births) (1990)",7
"Maternal Mortality Ratio (deaths per 100,000 live births) (1991)",7
"Maternal Mortality Ratio (deaths per 100,000 live births) (1992)",7
"Maternal Mortality Ratio (deaths per 100,000 live births) (1993)",7
"Maternal Mortality Ratio (deaths per 100,000 live births) (1994)",7
"Maternal Mortality Ratio (deaths per 100,000 live births) (1995)",6
"Maternal Mortality Ratio (deaths per 100,000 live births) (1996)",6
"Maternal Mortality Ratio (deaths per 100,000 live births) (1997)",6
"Maternal Mortality Ratio (deaths per 100,000 live births) (1998)",6
"Maternal Mortality Ratio (deaths per 100,000 live births) (1999)",6
"Maternal Mortality Ratio (deaths per 100,000 live births) (2000)",5
"Maternal Mortality Ratio (deaths per 100,000 live births) (2001)",5
"Maternal Mortality Ratio (deaths per 100,000 live births) (2002)",5
"Maternal Mortality Ratio (deaths per 100,000 live births) (2003)",5
"Maternal Mortality Ratio (deaths per 100,000 live births) (2004)",5
"Maternal Mortality Ratio (deaths per 100,000 live births) (2005)",5
"Maternal Mortality Ratio (deaths per 100,000 live births) (2006)",5
"Maternal Mortality Ratio (deaths per 100,000 live births) (2007)",5
"Maternal Mortality Ratio (deaths per 100,000 live births) (2008)",5
"Maternal Mortality Ratio (deaths per 100,000 live births) (2009)",5
"Maternal Mortality Ratio (deaths per 100,000 live births) (2010)",4
"Maternal Mortality Ratio (deaths per 100,000 live births) (2011)",5
"Maternal Mortality Ratio (deaths per 100,000 live births) (2012)",5
"Maternal Mortality Ratio (deaths per 100,000 live births) (2013)",5
"Maternal Mortality Ratio (deaths per 100,000 live births) (2014)",5
"Maternal Mortality Ratio (deaths per 100,000 live births) (2015)",4
"Maternal Mortality Ratio (deaths per 100,000 live births) (2016)",4
"Maternal Mortality Ratio (deaths per 100,000 live births) (2017)",4
"Maternal Mortality Ratio (deaths per 100,000 live births) (2018)",4
"Maternal Mortality Ratio (deaths per 100,000 live births) (2019)",4
"Maternal Mortality Ratio (deaths per 100,000 live births) (2020)",4
"Maternal Mortality Ratio (deaths per 100,000 live births) (2021)",4
"Adolescent Birth Rate (births per 1,000 women ages 15-19) (1990)",13.865
"Adolescent Birth Rate (births per 1,000 women ages 15-19) (1991)",13.425
"Adolescent Birth Rate (births per 1,000 women ages 15-19) (1992)",12.278
"Adolescent Birth Rate (births per 1,000 women ages 15-19) (1993)",11.545
"Adolescent Birth Rate (births per 1,000 women ages 15-19) (1994)",10.158
"Adolescent Birth Rate (births per 1,000 women ages 15-19) (1995)",8.847
"Adolescent Birth Rate (births per 1,000 women ages 15-19) (1996)",7.796
"Adolescent Birth Rate (births per 1,000 women ages 15-19) (1997)",7.187
"Adolescent Birth Rate (births per 1,000 women ages 15-19) (1998)",6.765
"Adolescent Birth Rate (births per 1,000 women ages 15-19) (1999)",6.931
"Adolescent Birth Rate (births per 1,000 women ages 15-19) (2000)",7.055
"Adolescent Birth Rate (births per 1,000 women ages 15-19) (2001)",6.612
"Adolescent Birth Rate (births per 1,000 women ages 15-19) (2002)",6.532
"Adolescent Birth Rate (births per 1,000 women ages 15-19) (2003)",5.974
"Adolescent Birth Rate (births per 1,000 women ages 15-19) (2004)",5.795
"Adolescent Birth Rate (births per 1,000 women ages 15-19) (2005)",5.739
"Adolescent Birth Rate (births per 1,000 women ages 15-19) (2006)",5.826
"Adolescent Birth Rate (births per 1,000 women ages 15-19) (2007)",5.88
"Adolescent Birth Rate (births per 1,000 women ages 15-19) (2008)",5.953
"Adolescent Birth Rate (births per 1,000 women ages 15-19) (2009)",6.062
"Adolescent Birth Rate (births per 1,000 women ages 15-19) (2010)",6.263
"Adolescent Birth Rate (births per 1,000 women ages 15-19) (2011)",6.253
"Adolescent Birth Rate (births per 1,000 women ages 15-19) (2012)",5.878
"Adolescent Birth Rate (births per 1,000 women ages 15-19) (2013)",5.765
"Adolescent Birth Rate (births per 1,000 women ages 15-19) (2014)",5.37
"Adolescent Birth Rate (births per 1,000 women ages 15-19) (2015)",4.735
"Adolescent Birth Rate (births per 1,000 women ages 15-19) (2016)",4.564
"Adolescent Birth Rate (births per 1,000 women ages 15-19) (2017)",4.316
"Adolescent Birth Rate (births per 1,000 women ages 15-19) (2018)",4.066
"Adolescent Birth Rate (births per 1,000 women ages 15-19) (2019)",3.432
"Adolescent Birth Rate (births per 1,000 women ages 15-19) (2020)",3.325
"Adolescent Birth Rate (births per 1,000 women ages 15-19) (2021)",3.345
"Share of seats in parliament, female (% held by women) (1990)",40.40114613
"Share of seats in parliament, female (% held by women) (1991)",40.40114613
"Share of seats in parliament, female (% held by women) (1992)",40.40114613
"Share of seats in parliament, female (% held by women) (1993)",40.40114613
"Share of seats in parliament, female (% held by women) (1994)",40.40114613
"Share of seats in parliament, female (% held by women) (1995)",40.40114613
"Share of seats in parliament, female (% held by women) (1996)",40.40114613
"Share of seats in parliament, female (% held by women) (1997)",40.40114613
"Share of seats in parliament, female (% held by women) (1998)",40.40114613
"Share of seats in parliament, female (% held by women) (1999)",42.69340974
"Share of seats in parliament, female (% held by women) (2000)",42.69340974
"Share of seats in parliament, female (% held by women) (2001)",42.69340974
"Share of seats in parliament, female (% held by women) (2002)",44.98567335
"Share of seats in parliament, female (% held by women) (2003)",45.2722063
"Share of seats in parliament, female (% held by women) (2004)",45.2722063
"Share of seats in parliament, female (% held by women) (2005)",45.2722063
"Share of seats in parliament, female (% held by women) (2006)",47.27793696
"Share of seats in parliament, female (% held by women) (2007)",46.99140401
"Share of seats in parliament, female (% held by women) (2008)",46.99140401
"Share of seats in parliament, female (% held by women) (2009)",46.41833811
"Share of seats in parliament, female (% held by women) (2010)",44.98567335
"Share of seats in parliament, female (% held by women) (2011)",44.6991404
"Share of seats in parliament, female (% held by women) (2012)",44.6991404
"Share of seats in parliament, female (% held by women) (2013)",44.98567335
"Share of seats in parliament, female (% held by women) (2014)",44.6991404
"Share of seats in parliament, female (% held by women) (2015)",43.5530086
"Share of seats in parliament, female (% held by women) (2016)",43.5530086
"Share of seats in parliament, female (% held by women) (2017)",43.5530086
"Share of seats in parliament, female (% held by women) (2018)",46.13180516
"Share of seats in parliament, female (% held by women) (2019)",47.27793696
"Share of seats in parliament, female (% held by women) (2020)",46.99140401
"Share of seats in parliament, female (% held by women) (2021)",46.99140401
"Share of seats in parliament, male (% held by men) (1990)",59.59885387
"Share of seats in parliament, male (% held by men) (1991)",59.59885387
"Share of seats in parliament, male (% held by men) (1992)",59.59885387
"Share of seats in parliament, male (% held by men) (1993)",59.59885387
"Share of seats in parliament, male (% held by men) (1994)",59.59885387
"Share of seats in parliament, male (% held by men) (1995)",59.59885387
"Share of seats in parliament, male (% held by men) (1996)",59.59885387
"Share of seats in parliament, male (% held by men) (1997)",59.59885387
"Share of seats in parliament, male (% held by men) (1998)",59.59885387
"Share of seats in parliament, male (% held by men) (1999)",57.30659026
"Share of seats in parliament, male (% held by men) (2000)",57.30659026
"Share of seats in parliament, male (% held by men) (2001)",57.30659026
"Share of seats in parliament, male (% held by men) (2002)",55.01432665
"Share of seats in parliament, male (% held by men) (2003)",54.7277937
"Share of seats in parliament, male (% held by men) (2004)",54.7277937
"Share of seats in parliament, male (% held by men) (2005)",54.7277937
"Share of seats in parliament, male (% held by men) (2006)",52.72206304
"Share of seats in parliament, male (% held by men) (2007)",53.00859599
"Share of seats in parliament, male (% held by men) (2008)",53.00859599
"Share of seats in parliament, male (% held by men) (2009)",53.58166189
"Share of seats in parliament, male (% held by men) (2010)",55.01432665
"Share of seats in parliament, male (% held by men) (2011)",55.3008596
"Share of seats in parliament, male (% held by men) (2012)",55.3008596
"Share of seats in parliament, male (% held by men) (2013)",55.01432665
"Share of seats in parliament, male (% held by men) (2014)",55.3008596
"Share of seats in parliament, male (% held by men) (2015)",56.4469914
"Share of seats in parliament, male (% held by men) (2016)",56.4469914
"Share of seats in parliament, male (% held by men) (2017)",56.4469914
"Share of seats in parliament, male (% held by men) (2018)",53.86819484
"Share of seats in parliament, male (% held by men) (2019)",52.72206304
"Share of seats in parliament, male (% held by men) (2020)",53.00859599
"Share of seats in parliament, male (% held by men) (2021)",53.00859599
"Labour force participation rate, female (% ages 15 and older) (1990)",63.136
"Labour force participation rate, female (% ages 15 and older) (1991)",62.473
"Labour force participation rate, female (% ages 15 and older) (1992)",61.106
"Labour force participation rate, female (% ages 15 and older) (1993)",59.457
"Labour force participation rate, female (% ages 15 and older) (1994)",58.621
"Labour force participation rate, female (% ages 15 and older) (1995)",59.092
"Labour force participation rate, female (% ages 15 and older) (1996)",59.265
"Labour force participation rate, female (% ages 15 and older) (1997)",58.687
"Labour force participation rate, female (% ages 15 and older) (1998)",58.146
"Labour force participation rate, female (% ages 15 and older) (1999)",58.839
"Labour force participation rate, female (% ages 15 and older) (2000)",58.359
"Labour force participation rate, female (% ages 15 and older) (2001)",58.493
"Labour force participation rate, female (% ages 15 and older) (2002)",58.591
"Labour force participation rate, female (% ages 15 and older) (2003)",58.712
"Labour force participation rate, female (% ages 15 and older) (2004)",58.401
"Labour force participation rate, female (% ages 15 and older) (2005)",58.823
"Labour force participation rate, female (% ages 15 and older) (2006)",59.22
"Labour force participation rate, female (% ages 15 and older) (2007)",59.674
"Labour force participation rate, female (% ages 15 and older) (2008)",59.789
"Labour force participation rate, female (% ages 15 and older) (2009)",59.344
"Labour force participation rate, female (% ages 15 and older) (2010)",58.937
"Labour force participation rate, female (% ages 15 and older) (2011)",59.471
"Labour force participation rate, female (% ages 15 and older) (2012)",59.721
"Labour force participation rate, female (% ages 15 and older) (2013)",60.203
"Labour force participation rate, female (% ages 15 and older) (2014)",60.399
"Labour force participation rate, female (% ages 15 and older) (2015)",60.69
"Labour force participation rate, female (% ages 15 and older) (2016)",60.743
"Labour force participation rate, female (% ages 15 and older) (2017)",60.996
"Labour force participation rate, female (% ages 15 and older) (2018)",61.159
"Labour force participation rate, female (% ages 15 and older) (2019)",61.188
"Labour force participation rate, female (% ages 15 and older) (2020)",60.628
"Labour force participation rate, female (% ages 15 and older) (2021)",61.651
"Labour force participation rate, male (% ages 15 and older) (1990)",72.086
"Labour force participation rate, male (% ages 15 and older) (1991)",71.67400000000001
"Labour force participation rate, male (% ages 15 and older) (1992)",69.996
"Labour force participation rate, male (% ages 15 and older) (1993)",68.366
"Labour force participation rate, male (% ages 15 and older) (1994)",67.97199999999999
"Labour force participation rate, male (% ages 15 and older) (1995)",68.502
"Labour force participation rate, male (% ages 15 and older) (1996)",68.035
"Labour force participation rate, male (% ages 15 and older) (1997)",67.696
"Labour force participation rate, male (% ages 15 and older) (1998)",67.645
"Labour force participation rate, male (% ages 15 and older) (1999)",67.30800000000001
"Labour force participation rate, male (% ages 15 and older) (2000)",66.539
"Labour force participation rate, male (% ages 15 and older) (2001)",66.863
"Labour force participation rate, male (% ages 15 and older) (2002)",66.53100000000001
"Labour force participation rate, male (% ages 15 and older) (2003)",66.482
"Labour force participation rate, male (% ages 15 and older) (2004)",66.411
"Labour force participation rate, male (% ages 15 and older) (2005)",67.044
"Labour force participation rate, male (% ages 15 and older) (2006)",67.48
"Labour force participation rate, male (% ages 15 and older) (2007)",67.693
"Labour force participation rate, male (% ages 15 and older) (2008)",67.889
"Labour force participation rate, male (% ages 15 and older) (2009)",67.324
"Labour force participation rate, male (% ages 15 and older) (2010)",67.407
"Labour force participation rate, male (% ages 15 and older) (2011)",67.401
"Labour force participation rate, male (% ages 15 and older) (2012)",67.261
"Labour force participation rate, male (% ages 15 and older) (2013)",67.633
"Labour force participation rate, male (% ages 15 and older) (2014)",67.60899999999999
"Labour force participation rate, male (% ages 15 and older) (2015)",67.34999999999999
"Labour force participation rate, male (% ages 15 and older) (2016)",67.43300000000001
"Labour force participation rate, male (% ages 15 and older) (2017)",67.676
"Labour force participation rate, male (% ages 15 and older) (2018)",67.649
"Labour force participation rate, male (% ages 15 and older) (2019)",67.69799999999999
"Labour force participation rate, male (% ages 15 and older) (2020)",68.136
"Labour force participation rate, male (% ages 15 and older) (2021)",68.009
Difference from HDI rank (2021),1
Planetary pressures-adjusted Human Development Index (value) (1990),.707
Planetary pressures-adjusted Human Development Index (value) (1991),.709
Planetary pressures-adjusted Human Development Index (value) (1992),.715
Planetary pressures-adjusted Human Development Index (value) (1993),.738
Planetary pressures-adjusted Human Development Index (value) (1994),.743
Planetary pressures-adjusted Human Development Index (value) (1995),.749
Planetary pressures-adjusted Human Development Index (value) (1996),.745
Planetary pressures-adjusted Human Development Index (value) (1997),.757
Planetary pressures-adjusted Human Development Index (value) (1998),.756
Planetary pressures-adjusted Human Development Index (value) (1999),.762
Planetary pressures-adjusted Human Development Index (value) (2000),.761
Planetary pressures-adjusted Human Development Index (value) (2001),.764
Planetary pressures-adjusted Human Development Index (value) (2002),.763
Planetary pressures-adjusted Human Development Index (value) (2003),.767
Planetary pressures-adjusted Human Development Index (value) (2004),.758
Planetary pressures-adjusted Human Development Index (value) (2005),.731
Planetary pressures-adjusted Human Development Index (value) (2006),.733
Planetary pressures-adjusted Human Development Index (value) (2007),.732
Planetary pressures-adjusted Human Development Index (value) (2008),.738
Planetary pressures-adjusted Human Development Index (value) (2009),.771
Planetary pressures-adjusted Human Development Index (value) (2010),.754
Planetary pressures-adjusted Human Development Index (value) (2011),.753
Planetary pressures-adjusted Human Development Index (value) (2012),.755
Planetary pressures-adjusted Human Development Index (value) (2013),.779
Planetary pressures-adjusted Human Development Index (value) (2014),.777
Planetary pressures-adjusted Human Development Index (value) (2015),.78
Planetary pressures-adjusted Human Development Index (value) (2016),.78
Planetary pressures-adjusted Human Development Index (value) (2017),.783
Planetary pressures-adjusted Human Development Index (value) (2018),.793
Planetary pressures-adjusted Human Development Index (value) (2019),.801
Planetary pressures-adjusted Human Development Index (value) (2020),.799
Planetary pressures-adjusted Human Development Index (value) (2021),.803
Difference from HDI value (%) (1990),12.71604938271605
Difference from HDI value (%) (1991),12.79212792127921
Difference from HDI value (%) (1992),12.80487804878049
Difference from HDI value (%) (1993),12.14285714285714
Difference from HDI value (%) (1994),12.6909518213866
Difference from HDI value (%) (1995),12.90697674418605
Difference from HDI value (%) (1996),14.17050691244239
Difference from HDI value (%) (1997),13.87940841865757
Difference from HDI value (%) (1998),15.43624161073826
Difference from HDI value (%) (1999),15.23915461624027
Difference from HDI value (%) (2000),15.81858407079646
Difference from HDI value (%) (2001),15.76626240352812
Difference from HDI value (%) (2002),16.15384615384615
Difference from HDI value (%) (2003),16.17486338797815
Difference from HDI value (%) (2004),15.77777777777778
Difference from HDI value (%) (2005),18.95787139689579
Difference from HDI value (%) (2006),19.09492273730685
Difference from HDI value (%) (2007),19.38325991189428
Difference from HDI value (%) (2008),18.45303867403315
Difference from HDI value (%) (2009),14.71238938053098
Difference from HDI value (%) (2010),17.14285714285715
Difference from HDI value (%) (2011),17.34357848518112
Difference from HDI value (%) (2012),17.12403951701428
Difference from HDI value (%) (2013),16.41630901287554
Difference from HDI value (%) (2014),16.89839572192514
Difference from HDI value (%) (2015),16.75560298826041
Difference from HDI value (%) (2016),16.93290734824281
Difference from HDI value (%) (2017),16.79064824654623
Difference from HDI value (%) (2018),15.81740976645435
Difference from HDI value (%) (2019),15.41710665258711
Difference from HDI value (%) (2020),15.1804670912951
Difference from HDI value (%) (2021),15.20591341077084
Carbon dioxide emissions per capita (production) (tonnes) (1990),6.69729523
Carbon dioxide emissions per capita (production) (tonnes) (1991),6.695882048
Carbon dioxide emissions per capita (production) (tonnes) (1992),6.618733062
Carbon dioxide emissions per capita (production) (tonnes) (1993),6.577989421
Carbon dioxide emissions per capita (production) (tonnes) (1994),6.819527646
Carbon dioxide emissions per capita (production) (tonnes) (1995),6.723808963
Carbon dioxide emissions per capita (production) (tonnes) (1996),7.150765798
Carbon dioxide emissions per capita (production) (tonnes) (1997),6.568064664
Carbon dioxide emissions per capita (production) (tonnes) (1998),6.61964899
Carbon dioxide emissions per capita (production) (tonnes) (1999),6.295139241
Carbon dioxide emissions per capita (production) (tonnes) (2000),6.159875879
Carbon dioxide emissions per capita (production) (tonnes) (2001),6.252966325
Carbon dioxide emissions per capita (production) (tonnes) (2002),6.345571148
Carbon dioxide emissions per capita (production) (tonnes) (2003),6.388740309
Carbon dioxide emissions per capita (production) (tonnes) (2004),6.28443715
Carbon dioxide emissions per capita (production) (tonnes) (2005),5.961571801
Carbon dioxide emissions per capita (production) (tonnes) (2006),5.903872676
Carbon dioxide emissions per capita (production) (tonnes) (2007),5.780918109
Carbon dioxide emissions per capita (production) (tonnes) (2008),5.509359246
Carbon dioxide emissions per capita (production) (tonnes) (2009),5.073741929
Carbon dioxide emissions per capita (production) (tonnes) (2010),5.657662355
Carbon dioxide emissions per capita (production) (tonnes) (2011),5.203212098
Carbon dioxide emissions per capita (production) (tonnes) (2012),4.901479773
Carbon dioxide emissions per capita (production) (tonnes) (2013),4.700137742
Carbon dioxide emissions per capita (production) (tonnes) (2014),4.471245797
Carbon dioxide emissions per capita (production) (tonnes) (2015),4.465214876
Carbon dioxide emissions per capita (production) (tonnes) (2016),4.398329525
Carbon dioxide emissions per capita (production) (tonnes) (2017),4.300267262
Carbon dioxide emissions per capita (production) (tonnes) (2018),4.221513055
Carbon dioxide emissions per capita (production) (tonnes) (2019),4.078851546
Carbon dioxide emissions per capita (production) (tonnes) (2020),3.825506114
Carbon dioxide emissions per capita (production) (tonnes) (2021),3.825506114
Material footprint per capita (tonnes) (1990),16.97
Material footprint per capita (tonnes) (1991),16.91
Material footprint per capita (tonnes) (1992),17.08
Material footprint per capita (tonnes) (1993),15.81
Material footprint per capita (tonnes) (1994),16.61
Material footprint per capita (tonnes) (1995),17.12
Material footprint per capita (tonnes) (1996),19.28
Material footprint per capita (tonnes) (1997),19.64
Material footprint per capita (tonnes) (1998),22.87
Material footprint per capita (tonnes) (1999),22.98
Material footprint per capita (tonnes) (2000),24.33
Material footprint per capita (tonnes) (2001),24.14
Material footprint per capita (tonnes) (2002),24.89
Material footprint per capita (tonnes) (2003),24.88
Material footprint per capita (tonnes) (2004),23.97
Material footprint per capita (tonnes) (2005),31.38
Material footprint per capita (tonnes) (2006),31.68
Material footprint per capita (tonnes) (2007),32.67
Material footprint per capita (tonnes) (2008),30.95
Material footprint per capita (tonnes) (2009),23.66
Material footprint per capita (tonnes) (2010),27.95
Material footprint per capita (tonnes) (2011),29.08
Material footprint per capita (tonnes) (2012),29.07
Material footprint per capita (tonnes) (2013),27.96
Material footprint per capita (tonnes) (2014),29.25
Material footprint per capita (tonnes) (2015),29.11
Material footprint per capita (tonnes) (2016),29.48
Material footprint per capita (tonnes) (2017),29.42
Material footprint per capita (tonnes) (2018),27.44
Material footprint per capita (tonnes) (2019),26.72
Material footprint per capita (tonnes) (2020),26.72
Material footprint per capita (tonnes) (2021),26.72